{
    "n_estimators": 786,
    "max_depth": 9,
    "learning_rate": 0.05704571274875872,
    "subsample": 0.8352500661786738,
    "colsample_bytree": 0.752949278063004,
    "gamma": 4.45013568395419
}