{
    "n_estimators": 942,
    "max_depth": 5,
    "learning_rate": 0.09757459803399454,
    "subsample": 0.6508424744715611,
    "colsample_bytree": 0.9077096165124011,
    "gamma": 0.13904080699299715
}