{
    "n_estimators": 519,
    "max_depth": 9,
    "learning_rate": 0.1884692760751432,
    "subsample": 0.669449710965811,
    "colsample_bytree": 0.9151196397733498,
    "gamma": 1.5067866516771256
}