{
    "n_estimators": 110,
    "max_depth": 3,
    "learning_rate": 0.07159853800104835,
    "subsample": 0.709494722039969,
    "colsample_bytree": 0.8673082742337398,
    "gamma": 1.9466188632616332
}