{
    "n_estimators": 497,
    "max_depth": 9,
    "learning_rate": 0.024115089032710223,
    "subsample": 0.8914220747615328,
    "colsample_bytree": 0.7254858388681615,
    "gamma": 0.25824593858683076
}