{
    "overall_metrics": {
        "f1_weighted": 0.42296415148626976,
        "accuracy": 0.4236559139784946,
        "sharpe": 2.1689840514263614,
        "combined": 0.6816689831931616
    },
    "cv_statistics": {
        "f1_weighted": {
            "mean": 0.3930714827659211,
            "std": 0.14048982591646952,
            "scores": [
                0.386261267293809,
                0.22385037990282824,
                0.3492275735704985,
                0.6129467102965485
            ]
        },
        "accuracy": {
            "mean": 0.42365591397849467,
            "std": 0.11729194469053156,
            "scores": [
                0.39416282642089095,
                0.3302611367127496,
                0.3474654377880184,
                0.6227342549923195
            ]
        },
        "sharpe": {
            "mean": 2.2726080835019333,
            "std": 1.329932366935569,
            "scores": [
                1.6591276194742857,
                2.266179789372283,
                0.7789082044753425,
                4.386216720685821
            ]
        },
        "combined": {
            "mean": 0.6391562072763819,
            "std": 0.16986557995858315,
            "scores": [
                0.5835961813342673,
                0.6706598041539743,
                0.41554856711959043,
                0.8868202764976958
            ]
        }
    },
    "fold_results": [
        {
            "f1_weighted": 0.386261267293809,
            "accuracy": 0.39416282642089095,
            "sharpe": 1.6591276194742857,
            "combined": 0.5835961813342673
        },
        {
            "f1_weighted": 0.22385037990282824,
            "accuracy": 0.3302611367127496,
            "sharpe": 2.266179789372283,
            "combined": 0.6706598041539743
        },
        {
            "f1_weighted": 0.3492275735704985,
            "accuracy": 0.3474654377880184,
            "sharpe": 0.7789082044753425,
            "combined": 0.41554856711959043
        },
        {
            "f1_weighted": 0.6129467102965485,
            "accuracy": 0.6227342549923195,
            "sharpe": 4.386216720685821,
            "combined": 0.8868202764976958
        }
    ],
    "classification_report": {
        "-1": {
            "precision": 0.3856947296372348,
            "recall": 0.5296052631578947,
            "f1-score": 0.44633663366336634,
            "support": 4256.0
        },
        "0": {
            "precision": 0.527001862197393,
            "recall": 0.36979652790741085,
            "f1-score": 0.43462044756472135,
            "support": 5357.0
        },
        "1": {
            "precision": 0.3748902546093064,
            "recall": 0.3759906075726446,
            "f1-score": 0.3754396248534584,
            "support": 3407.0
        },
        "accuracy": 0.4236559139784946,
        "macro avg": {
            "precision": 0.4291956154813114,
            "recall": 0.42513079954598343,
            "f1-score": 0.41879890202718206,
            "support": 13020.0
        },
        "weighted avg": {
            "precision": 0.44100743798628367,
            "recall": 0.4236559139784946,
            "f1-score": 0.42296415148626976,
            "support": 13020.0
        }
    },
    "saved_models": [
        "C:\\Users\\Admin\\Documents\\GitHub\\Project-5\\models\\final_model_fold_1.joblib",
        "C:\\Users\\Admin\\Documents\\GitHub\\Project-5\\models\\final_model_fold_2.joblib",
        "C:\\Users\\Admin\\Documents\\GitHub\\Project-5\\models\\final_model_fold_3.joblib",
        "C:\\Users\\Admin\\Documents\\GitHub\\Project-5\\models\\final_model_fold_4.joblib"
    ],
    "best_parameters": {
        "n_estimators": 213,
        "max_depth": 4,
        "learning_rate": 0.016799211483196037,
        "subsample": 0.9226084855278912,
        "colsample_bytree": 0.7724854295893939,
        "colsample_bylevel": 0.6709896653875856,
        "colsample_bynode": 0.7300915098140955,
        "gamma": 0.5008241253005776,
        "reg_alpha": 7.710003882518091e-08,
        "reg_lambda": 1.3942026211947297e-06,
        "min_child_weight": 4,
        "objective": "multi:softprob",
        "num_class": 3,
        "eval_metric": "mlogloss",
        "tree_method": "hist",
        "random_state": 42,
        "n_jobs": -1
    }
}