{
    "classification_metrics": {
        "accuracy": 0.4255254340542187,
        "precision": 0.49760765550239233,
        "recall": 0.11040339702760085,
        "f1_score": 0.18071242397914858
    },
    "financial_metrics": {
        "annualized_sharpe_ratio": 39.27475510494423,
        "annualized_sortino_ratio": 38.00271105986979
    },
    "training_history": {
        "auc": [
            0.49658310413360596,
            0.5000600814819336,
            0.4980712831020355,
            0.5,
            0.49897655844688416,
            0.5006611347198486,
            0.49494585394859314,
            0.498411625623703,
            0.4987788498401642,
            0.4989760220050812,
            0.4964672923088074,
            0.4975239932537079,
            0.49219751358032227,
            0.48548638820648193,
            0.48997628688812256,
            0.48753228783607483,
            0.48130089044570923,
            0.4905819594860077,
            0.482793390750885,
            0.4819847345352173,
            0.4758964776992798,
            0.47796183824539185,
            0.482830286026001,
            0.4798652231693268,
            0.47082197666168213,
            0.4919212758541107,
            0.4790097773075104,
            0.4816141128540039,
            0.4728032946586609,
            0.4807876646518707,
            0.4801773130893707,
            0.4791705310344696,
            0.47904494404792786,
            0.4805033504962921,
            0.48123258352279663,
            0.47888705134391785,
            0.47946909070014954,
            0.47540155053138733,
            0.47688624262809753,
            0.47564366459846497,
            0.47730186581611633,
            0.4764997065067291,
            0.47827011346817017
        ],
        "loss": [
            -0.0009814412333071232,
            -0.0022715695668011904,
            -0.0030201009940356016,
            -0.0037614365573972464,
            -0.004538482986390591,
            -0.005194336641579866,
            -0.00587492436170578,
            -0.006694922689348459,
            -0.007857779040932655,
            -0.008589182049036026,
            -0.009442690759897232,
            -0.010013040155172348,
            -0.011160195805132389,
            -0.012060914188623428,
            -0.013051093555986881,
            -0.014004770666360855,
            -0.014910543337464333,
            -0.016009749844670296,
            -0.01682998798787594,
            -0.01783650740981102,
            -0.018805010244250298,
            -0.019945194944739342,
            -0.020721253007650375,
            -0.022106003016233444,
            -0.02289961278438568,
            -0.020947642624378204,
            -0.023341229185461998,
            -0.02415706031024456,
            -0.02548285759985447,
            -0.026747427880764008,
            -0.028292452916502953,
            -0.02988361567258835,
            -0.03101775236427784,
            -0.03177297115325928,
            -0.03267477825284004,
            -0.03409191966056824,
            -0.03492095321416855,
            -0.03639096021652222,
            -0.037852656096220016,
            -0.03858588635921478,
            -0.03974601998925209,
            -0.04034440219402313,
            -0.04102460294961929
        ],
        "precision": [
            0.6658291220664978,
            0.0,
            0.2222222238779068,
            0.0,
            0.0,
            0.0,
            0.6280992031097412,
            0.4000000059604645,
            0.5874999761581421,
            0.4959999918937683,
            0.6614173054695129,
            0.649350643157959,
            0.6290322542190552,
            0.3426966369152069,
            0.7916666865348816,
            0.5696202516555786,
            0.3821656107902527,
            0.6307692527770996,
            0.39520958065986633,
            0.4966442883014679,
            0.5029585957527161,
            0.5393258333206177,
            0.5595238208770752,
            0.5723270177841187,
            0.5159817337989807,
            0.7599999904632568,
            0.5740740895271301,
            0.5281690359115601,
            0.43382352590560913,
            0.521212100982666,
            0.5517241358757019,
            0.6145833134651184,
            0.5631579160690308,
            0.4588744640350342,
            0.5687204003334045,
            0.5752212405204773,
            0.5550239086151123,
            0.5769230723381042,
            0.536697268486023,
            0.5610687136650085,
            0.5503597259521484,
            0.61328125,
            0.5867158770561218
        ],
        "recall": [
            0.031854789704084396,
            0.0,
            0.0004808270314242691,
            0.0,
            0.0,
            0.0,
            0.009135713800787926,
            0.00024041351571213454,
            0.005649717524647713,
            0.007452819030731916,
            0.010097367689013481,
            0.006010337732732296,
            0.009376127272844315,
            0.007332612294703722,
            0.004567856900393963,
            0.010818608105182648,
            0.007212405558675528,
            0.009856954216957092,
            0.007933645509183407,
            0.008895300328731537,
            0.010217574425041676,
            0.005769924260675907,
            0.011299435049295425,
            0.010938814841210842,
            0.01358336303383112,
            0.0022839284501969814,
            0.007452819030731916,
            0.009015507064759731,
            0.007092198356986046,
            0.01033778116106987,
            0.011539848521351814,
            0.014184396713972092,
            0.012862122617661953,
            0.012741915881633759,
            0.014424811117351055,
            0.015626877546310425,
            0.013943983241915703,
            0.018031014129519463,
            0.014064189977943897,
            0.017670392990112305,
            0.01839163340628147,
            0.01887246035039425,
            0.019112873822450638
        ],
        "val_auc": [
            0.5002351999282837,
            0.4997067153453827,
            0.5,
            0.5,
            0.5,
            0.5,
            0.49964261054992676,
            0.4999080300331116,
            0.49149712920188904,
            0.49972495436668396,
            0.5,
            0.5,
            0.5,
            0.4925191104412079,
            0.49056002497673035,
            0.48234444856643677,
            0.4996262788772583,
            0.48131459951400757,
            0.4869979918003082,
            0.48413920402526855,
            0.48073655366897583,
            0.4765232801437378,
            0.48067495226860046,
            0.5086027979850769,
            0.4903842508792877,
            0.4932517409324646,
            0.4880906641483307,
            0.48589619994163513,
            0.4825943112373352,
            0.49426132440567017,
            0.4822012186050415,
            0.4921325147151947,
            0.5028603672981262,
            0.4945181608200073,
            0.4704311788082123,
            0.47828346490859985,
            0.4739810824394226,
            0.47765883803367615,
            0.470441997051239,
            0.4779476821422577,
            0.4822174906730652,
            0.4730067849159241,
            0.4727049171924591
        ],